<application>
  <component name="FindSettings">
    <option name="customScope" value="All Places" />
    <option name="defaultScopeName" value="All Places" />
    <option name="localWholeWordsOnly" value="true" />
    <option name="wholeWordsOnly" value="true" />
    <option name="WHOLE_WORDS_ONLY" value="true" />
    <option name="LOCAL_WHOLE_WORDS_ONLY" value="true" />
    <option name="SEARCH_SCOPE" value="All Places" />
    <mask>*.css</mask>
    <mask>*.html</mask>
    <mask>*.xml</mask>
    <mask>*.go</mask>
    <mask>*.proto</mask>
  </component>
</application>